name,city,state,industry,type
Alvarado Street Bakery,Petaluma,California,Food & Beverage - Bakeries,Worker Co-op
Angel Cakes Bakery,Oakland,California,Food & Beverage - Bakeries,Worker Co-op
AORTA Cooperative,Charlotte,Vermont,Business Support Services - Consulting,Worker Co-op
Apple Eco Cleaning Cooperative,Elmhurst,New York,Cleaning Services,Worker Co-op
Arbor Assays,Ann Arbor,Michigan,Health - Wellness,Democratic Workplace
Arizmendi Association of Cooperatives,Oakland,California,Business Support Services - Consulting,Worker Co-op
Arizmendi Bakery Emeryville,Emeryville,California,Food & Beverage - Bakeries,Worker Co-op
Arizmendi Bakery Lakeshore,Oakland,California,Food & Beverage - Bakeries,Worker Co-op
Arizmendi Bakery Panaderia and Pizzeria,San Francisco,California,Food & Beverage - Bakeries,Worker Co-op
Arizmendi Cooperative Two Inc,San Francisco,California,Food & Beverage - Bakeries,Worker Co-op
Aroko Cooperative Inc.,San Francisco,California,Technology - Graphic Design & Web Development,Worker Co-op
Art's Cafe,Springville,New York,"Food & Beverage - Restaurants, Cafes, Breweries, and Bars",Worker Co-op
Artwood Gallery,Bellingham,Washington,Arts & Entertainment,Worker Co-op
Atlanta Planting Cooperative,Atlanta,Georgia,Build & Design - Landscaping,Worker Co-op
Atthowe Fine Art Services,Oakland,California,Arts & Entertainment,Worker Co-op
Austin Cooperative Business Association,Austin,Texas,Business Support Services - General,Democratic Workplace
Austin Design Cooperative,Brattleboro,Vermont,Build & Design - Architecture & Interior Design,Worker Co-op
AWOL Dance Collective,Portland,Oregon,Arts & Entertainment,Democratic Workplace
Baldwin Apple Ladders,Brooks,Maine,Engineering & Manufacturing,Worker Co-op
Baltimore Bicycle Works,Baltimore,Maryland,Retail,Worker Co-op
Berkeley Massage & Self Healing Center,Berkeley,California,Health - Clinics,Democratic Workplace
Beyond Care Childcare Coop,Brooklyn,New York,Education & Childcare,Worker Co-op
Bicycle Inter-Community Art & Salvage,Tucson,Arizona,Transportation - Service & Repair,Democratic Workplace
Big Duck,Brooklyn,New York,Business Support Services - Marketing,Worker Co-op
Big Timberworks,Gallatin Gateway,Montana,Engineering & Manufacturing,Worker Co-op
Big Water Coffee Roasters,Bayfield,Wisconsin,Food & Beverage - Production & Manufacturing,Worker Co-op
Bio-Classic Cleaning,Bronx,New York,Cleaning Services,Worker Co-op
Biofuel Oasis,Berkeley,California,Energy,Worker Co-op
Black Cap Landscaping Cooperative,Seattle,Washington,Build & Design - Landscaping,Worker Co-op
"Blue Dot Advocates, PBC",Denver,Colorado,Legal Services,Worker Co-op
Blue Heron Community Cooperative,Olympia,Washington,Food & Beverage - Bakeries,Worker Co-op
blue tin production,Chicago,Illinois,Engineering & Manufacturing,Worker Co-op
Bluestockings Cooperative,New York,New York,Media - Bookstores & Publishers,Democratic Workplace
Bonfire Media Collective,Philadelphia,Pennsylvania,Media - Digital Production,Worker Co-op
Boston Cleaning Collective LLC,East Boston,Massachusetts,Cleaning Services,Worker Co-op
Boston Interpreters Collective,Boston,Massachusetts,Business Support Services - Translation & Interpretation,Democratic Workplace
Bound Together Bookstore,San Francisco,California,Media - Bookstores & Publishers,Democratic Workplace
Bountiful Backyards,Durham,North Carolina,Build & Design - Landscaping,Worker Co-op
Box Dog Bikes,San Francisco,California,Retail,Worker Co-op
"Bread & Roses Digital, LLC",Center Ossipee,New Hampshire,Media - Digital Production,Worker Co-op
Broadway Bicycle School,Cambridge,Massachusetts,Transportation - Service & Repair,Worker Co-op
Brooklyn Packers,Brooklyn,New York,Food & Beverage - Grocery,Worker Co-op
Buffalo Mountain Food Co-op & Cafe,Hardwick,Vermont,Food & Beverage - Grocery,Democratic Workplace
Built by Many,Detroit,Michigan,Business Support Services - Consulting,Worker Co-op
Byggmeister Inc.,Newton,Massachusetts,Build & Design - Construction,Worker Co-op
C4 Tech & Design,New Orleans,Louisiana,Technology - Support Services,Worker Co-op
Cajou Creamery,Baltimore,Maryland,Food & Beverage - Production & Manufacturing,Democratic Workplace
California Solar Electric Cooperative Corporation,Grass Valley,California,Build & Design - Solar Installation,Worker Co-op
CalmUnity Farms DBA The Dabber Hashery,Elmira,New York,Food & Beverage - Agriculture,Worker Co-op
Capital Bookkeeping Cooperative,Albany,New York,Business Support Services - Accounting & Bookkeeping,Worker Co-op
Capital Homecare Cooperative,Olympia,Washington,Health - Home Care,Worker Co-op
Carroll Garden Cleaning,Brooklyn,New York,Cleaning Services,Worker Co-op
Casa Nueva Restaurant,Athens,Ohio,"Food & Beverage - Restaurants, Cafes, Breweries, and Bars",Worker Co-op
Cascade Mountain Ascents,Bellingham,Washington,Tourism & Hospitality,Worker Co-op
Cascadia Deaf Nation,Bellingham,Washington,Business Support Services - General,Worker Co-op
Catalyst Cooperative,Boulder,Colorado,Energy,Worker Co-op
Catamount Solar,Randolph,Vermont,Build & Design - Solar Installation,Worker Co-op
"Celebration Tree Farm & Wellness Center, LLC",Durham,Maine,Food & Beverage - Agriculture,Worker Co-op
Central Coop,Seattle,Washington,Food & Beverage - Grocery,Democratic Workplace
Cenzontle LLC,Asheville,North Carolina,Business Support Services - Translation & Interpretation,Worker Co-op
CERO cooperative Inc,Boston,Massachusetts,Waste - Compost Services,Worker Co-op
Che Café,La Jolla,California,"Food & Beverage - Restaurants, Cafes, Breweries, and Bars",Democratic Workplace
ChiCommons LWCA,Chicago,Illinois,Business Support Services - Consulting,Worker Co-op
"ChiFresh Kitchen, LWCA",Chicago,Illinois,Food & Beverage - Production & Manufacturing,Worker Co-op
Childspace Daycare,Philadelphia,Pennsylvania,Education & Childcare,Worker Co-op
Chroma Technology Corp.,Rockingham,Vermont,Engineering & Manufacturing,Democratic Workplace
Circle of Life Caregiver Cooperative,Bellingham,Washington,Health - Home Care,Worker Co-op
Circle Yoga Cooperative,Washington,District of Columbia,Health - Wellness,Worker Co-op
City Art Cooperative Gallery,San Francisco,California,Arts & Entertainment,Worker Co-op
"Client First Insurance Solutions, LLC",Americus,Georgia,Business Support Services - General,Democratic Workplace
Co-Everything LLC,Boston,Massachusetts,Build & Design - Architecture & Interior Design,Worker Co-op
CoLab Cooperative,Trumansburg,New York,Technology - Graphic Design & Web Development,Worker Co-op
Collective Agency,Portland,Oregon,Business Support Services - General,Worker Co-op
Collective Copies,Amherst,Massachusetts,Media - Copy & Printing,Worker Co-op
Collective Copies - Florence,Florence,Massachusetts,Media - Copy & Printing,Worker Co-op
Colmenar Consulting LLC,Oakland,California,Business Support Services - Consulting,Worker Co-op
Colorado Recovery,Boulder,Colorado,Health - Clinics,Worker Co-op
Columinate,Brattleboro,Vermont,Business Support Services - Consulting,Democratic Workplace
CoMetrics,Boston,Massachusetts,Technology - Support Services,Worker Co-op
Common Good Bookkeeping Cooperative,Madison,Wisconsin,Business Support Services - Accounting & Bookkeeping,Worker Co-op
Common Ground Health Clinic,New Orleans,Louisiana,Health - Clinics,Democratic Workplace
Common Ground Wellness Co-Operative,Portland,Oregon,Health - Wellness,Democratic Workplace
Community Language Cooperative,Denver,Colorado,Business Support Services - Translation & Interpretation,Worker Co-op
Community Network Solutions,Oakland,California,Arts & Entertainment,Worker Co-op
Community Pharmacy,Madison,Wisconsin,Health - Wellness,Worker Co-op
"Community Printers, Inc.",Santa Cruz,California,Media - Copy & Printing,Worker Co-op
Community Purchasing Alliance,Washington,District of Columbia,Business Support Services - General,Democratic Workplace
COMRADERY WORKER COOPERATIVE CO,Philadelphia,Pennsylvania,Arts & Entertainment,Worker Co-op
Confluence Courier,Denver,Colorado,Transportation - Courier,Worker Co-op
Converge Collaborative,Berkeley,California,Technology - Graphic Design & Web Development,Worker Co-op
Cooperative Care,Wautoma,Wisconsin,Health - Home Care,Worker Co-op
Cooperative Energy Futures,Minneapolis,Minnesota,Energy,Worker Co-op
Cooperative Home Care Associates,Bronx,New York,Health - Home Care,Worker Co-op
Cooperative Jackson,Jackson,Mississippi,Business Support Services - General,Worker Co-op
Cooperative Teamwork,Bronx,New York,Cleaning Services,Worker Co-op
Cooperativa Mujer,Brooklyn,New York,Cleaning Services,Worker Co-op
Coral Tree Consulting Cooperative LLC,Birmingham,Alabama,Business Support Services - Consulting,Worker Co-op
Cosmos Studios Inc,Mill Valley,California,Arts & Entertainment,Democratic Workplace
Creative Action Network,San Francisco,California,Arts & Entertainment,Worker Co-op
Crossover Health Care Ministry,Rochester,New York,Health - Clinics,Democratic Workplace
Culture Works,Philadelphia,Pennsylvania,Business Support Services - Consulting,Worker Co-op
Dane County TimeBank,Madison,Wisconsin,Business Support Services - General,Democratic Workplace
DC Green Clean,Washington,District of Columbia,Cleaning Services,Worker Co-op
Democracy at Work Institute,San Francisco,California,Business Support Services - Consulting,Democratic Workplace
Democracy Brewing,Boston,Massachusetts,"Food & Beverage - Restaurants, Cafes, Breweries, and Bars",Worker Co-op
Design Action Collective,Oakland,California,Technology - Graphic Design & Web Development,Worker Co-op
Dill Pickle Food Co-op,Chicago,Illinois,Food & Beverage - Grocery,Democratic Workplace
Distributed Autonomous Organization,New York,New York,Technology - Support Services,Worker Co-op
Down Home Ranch,Elgin,Texas,Food & Beverage - Agriculture,Democratic Workplace
Dragonfly Collective Farm,Floyd,Virginia,Food & Beverage - Agriculture,Worker Co-op
Earth Cycle Farm,Madison,Wisconsin,Food & Beverage - Agriculture,Worker Co-op
Earth First Alternatives Inc.,Laceyville,Pennsylvania,Build & Design - Construction,Worker Co-op
East Bay Permanent Real Estate Cooperative,Oakland,California,Real Estate,Worker Co-op
East Side Food Co-op,Minneapolis,Minnesota,Food & Beverage - Grocery,Democratic Workplace
EcoMe Cleaning Cooperative,Takoma Park,Maryland,Cleaning Services,Worker Co-op
Eco-Prints,Oakland,California,Media - Copy & Printing,Worker Co-op
Electric City Printing,Schenectady,New York,Media - Copy & Printing,Worker Co-op
Element Sewer Solutions,Seattle,Washington,Build & Design - Construction,Worker Co-op
Emma Goldman's,Washington,District of Columbia,Health - Clinics,Democratic Workplace
Empowered Homes,Oakland,California,Cleaning Services,Worker Co-op
Encantos De Mujer,Corona,New York,Cleaning Services,Worker Co-op
Equal Exchange,West Bridgewater,Massachusetts,Food & Beverage - Production & Manufacturing,Worker Co-op
Eureka Recycling,Minneapolis,Minnesota,Waste - Recycling,Democratic Workplace
Evergreen Cooperatives,Cleveland,Ohio,Business Support Services - General,Worker Co-op
Fiddlehead Food Co-op,New London,Connecticut,Food & Beverage - Grocery,Democratic Workplace
Firestorm Books & Coffee,Asheville,North Carolina,Media - Bookstores & Publishers,Worker Co-op
FoodTree Cooperative,Chico,California,Food & Beverage - Agriculture,Worker Co-op
Fourth Floor Productions,Westchester,New York,Media - Digital Production,Worker Co-op
Free Speech TV,Denver,Colorado,Media - Digital Production,Democratic Workplace
G Street Fabrics,Rockville,Maryland,Retail,Worker Co-op
Gaia Host Collective,Denver,Colorado,Technology - Support Services,Worker Co-op
Gem City Market,Dayton,Ohio,Food & Beverage - Grocery,Democratic Workplace
Glut Food Co-op,Mount Rainier,Maryland,Food & Beverage - Grocery,Democratic Workplace
Golden Steps Elder Care,Madison,Wisconsin,Health - Home Care,Worker Co-op
Good Spice Cooperative,San Diego,California,Food & Beverage - Production & Manufacturing,Worker Co-op
Good Wash Laundry,New York,New York,Cleaning Services,Worker Co-op
Grasshoppers Distribution,Louisville,Kentucky,Food & Beverage - Grocery,Worker Co-op
Greenhouse Cooperative,Minneapolis,Minnesota,Build & Design - Construction,Worker Co-op
Greenleaf Foods,San Francisco,California,Food & Beverage - Production & Manufacturing,Worker Co-op
Greensboro Maid Brigade,Greensboro,North Carolina,Cleaning Services,Worker Co-op
Harvest Cooperative Markets,Cambridge,Massachusetts,Food & Beverage - Grocery,Democratic Workplace
Hopewell Technologies,Portland,Oregon,Technology - Support Services,Worker Co-op
Hudson River Design,New York,New York,Technology - Graphic Design & Web Development,Worker Co-op
Humanscale,New York,New York,Engineering & Manufacturing,Democratic Workplace
Hydra Designs,Asheville,North Carolina,Technology - Graphic Design & Web Development,Worker Co-op
Ideal Cleaning,Bronx,New York,Cleaning Services,Worker Co-op
IFCA (Industrial Fabrics Cooperative of America),Minneapolis,Minnesota,Engineering & Manufacturing,Worker Co-op
In Good Company Childcare,Portland,Oregon,Education & Childcare,Worker Co-op
Inkworks Press,Berkeley,California,Media - Copy & Printing,Worker Co-op
Insurrection Cuisine Collective,Denver,Colorado,"Food & Beverage - Restaurants, Cafes, Breweries, and Bars",Worker Co-op
Interpretize,Portland,Oregon,Business Support Services - Translation & Interpretation,Worker Co-op
Isthmus Engineering & Manufacturing,Madison,Wisconsin,Engineering & Manufacturing,Worker Co-op
Jade Systems,San Francisco,California,Technology - Support Services,Worker Co-op
Joe Van Gogh Coffee,Durham,North Carolina,"Food & Beverage - Restaurants, Cafes, Breweries, and Bars",Worker Co-op
Journeyman Distillery,Three Oaks,Michigan,Food & Beverage - Production & Manufacturing,Democratic Workplace
Jula's House Cleaning,Oakland,California,Cleaning Services,Worker Co-op
Justice at Work,Boston,Massachusetts,Legal Services,Worker Co-op
Kaleidoscope Consulting LLC,Madison,Wisconsin,Business Support Services - Consulting,Worker Co-op
KMEC Community Development,Denver,Colorado,Business Support Services - Consulting,Worker Co-op
Lancaster Renewable Energy,Lancaster,Pennsylvania,Energy,Worker Co-op
Landsman Development,Madison,Wisconsin,Build & Design - Construction,Worker Co-op
Las Jardineras Cleaning Cooperative,Brookline,Massachusetts,Cleaning Services,Worker Co-op
Lava Mae,San Francisco,California,Health - Wellness,Democratic Workplace
Lazo Cooperativa,Sunset Park,New York,Cleaning Services,Worker Co-op
Left Hand Brewing Company,Longmont,Colorado,Food & Beverage - Production & Manufacturing,Democratic Workplace
Lela Brewing Company,Augusta,Kansas,"Food & Beverage - Restaurants, Cafes, Breweries, and Bars",Worker Co-op
Lenox Hill Radiology,New York,New York,Health - Clinics,Democratic Workplace
Literacy for Environmental Justice,San Francisco,California,Education & Childcare,Democratic Workplace
Little River Roasting,Niagara Falls,New York,Food & Beverage - Production & Manufacturing,Worker Co-op
Loomio Cooperative,New York,New York,Technology - Support Services,Worker Co-op
Lustre Cleaning Collective,Portland,Oregon,Cleaning Services,Worker Co-op
Mariposa Food Co-op,Philadelphia,Pennsylvania,Food & Beverage - Grocery,Democratic Workplace
Mass Design Group,Boston,Massachusetts,Build & Design - Architecture & Interior Design,Democratic Workplace
May Day Bookstore,Minneapolis,Minnesota,Media - Bookstores & Publishers,Worker Co-op
MedCoShare LLC,New York,New York,Health - Clinics,Worker Co-op
Metta Earth Institute,Lincoln,Vermont,Education & Childcare,Worker Co-op
Michigan Building and Construction Trades Council,Lansing,Michigan,Build & Design - Construction,Democratic Workplace
Migrante,San Francisco,California,Business Support Services - Translation & Interpretation,Worker Co-op
Milk Not Jails,Brooklyn,New York,Food & Beverage - Agriculture,Democratic Workplace
Mindful Creative,Asheville,North Carolina,Media - Digital Production,Worker Co-op
Molli's Cafe Worker Co-operative,New York,New York,"Food & Beverage - Restaurants, Cafes, Breweries, and Bars",Worker Co-op
Mondragon Bookstore & Coffeehouse,Winnipeg,Manitoba,Media - Bookstores & Publishers,Worker Co-op
Montauk Soups,Brooklyn,New York,Food & Beverage - Production & Manufacturing,Worker Co-op
Mountain Sprouts,Elkins,West Virginia,Education & Childcare,Worker Co-op
Movement Strategy Center,Oakland,California,Business Support Services - Consulting,Democratic Workplace
Multicultural Community Center,Sioux City,Iowa,Business Support Services - General,Democratic Workplace
Namaste Solar,Boulder,Colorado,Build & Design - Solar Installation,Worker Co-op
National Cooperative Grocers,Iowa City,Iowa,Food & Beverage - Grocery,Democratic Workplace
Natural Home Cleaning Professionals,Portland,Oregon,Cleaning Services,Worker Co-op
New Community Project,Elgin,Illinois,Business Support Services - General,Democratic Workplace
New Culture Creamery,San Francisco,California,Food & Beverage - Production & Manufacturing,Worker Co-op
New Economy Coalition,Boston,Massachusetts,Business Support Services - General,Democratic Workplace
New Era Windows,Chicago,Illinois,Engineering & Manufacturing,Worker Co-op
New Moon Natural Foods,Eureka,California,Food & Beverage - Grocery,Worker Co-op
New World Foundation,New York,New York,Business Support Services - General,Democratic Workplace
Niles Associates,Boulder,Colorado,Technology - Support Services,Worker Co-op
North Coast Co-op,Arcata,California,Food & Beverage - Grocery,Democratic Workplace
North Country Food Co-op,Plattsburgh,New York,Food & Beverage - Grocery,Democratic Workplace
North Star Press of St. Cloud Inc.,St. Cloud,Minnesota,Media - Bookstores & Publishers,Worker Co-op
North Wind Renewable Energy Cooperative,Stevens Point,Wisconsin,Energy,Worker Co-op
Northwest Passage,Minneapolis,Minnesota,Tourism & Hospitality,Worker Co-op
NuMundo,Oakland,California,Tourism & Hospitality,Worker Co-op
Oasis Juice Bar,Austin,Texas,"Food & Beverage - Restaurants, Cafes, Breweries, and Bars",Worker Co-op
Old City Print Shop,Philadelphia,Pennsylvania,Media - Copy & Printing,Worker Co-op
Olympia Food Co-op,Olympia,Washington,Food & Beverage - Grocery,Democratic Workplace
Open Bookstore,Schenectady,New York,Media - Bookstores & Publishers,Worker Co-op
Open Source Ecology,Maysville,Missouri,Engineering & Manufacturing,Democratic Workplace
Opportunity Threads,Morganton,North Carolina,Engineering & Manufacturing,Worker Co-op
Oya's Garden,Chicago,Illinois,Food & Beverage - Agriculture,Worker Co-op
Pachamama Coffee Cooperative,Jenkintown,Pennsylvania,Food & Beverage - Production & Manufacturing,Worker Co-op
Pacific Gold Co-op,Arcata,California,Build & Design - Construction,Worker Co-op
PagePoint Web Solutions,Chicago,Illinois,Technology - Graphic Design & Web Development,Worker Co-op
Paisley's Cleaning Cooperative,San Jose,California,Cleaning Services,Worker Co-op
Palante Technology Cooperative,New York,New York,Technology - Support Services,Worker Co-op
Parallel Infra,Portland,Oregon,Technology - Support Services,Worker Co-op
Participatory Budgeting Project,New York,New York,Business Support Services - Consulting,Democratic Workplace
Peace Fleece,Porter,Maine,Retail,Worker Co-op
Pedal People,Northampton,Massachusetts,Waste - Recycling,Worker Co-op
People Power Solar Cooperative,Oakland,California,Build & Design - Solar Installation,Worker Co-op
People's Food Co-op,Portland,Oregon,Food & Beverage - Grocery,Democratic Workplace
Permaculture Skills Center,Sebastopol,California,Education & Childcare,Worker Co-op
Phil A. Buster Pizza,Portland,Oregon,"Food & Beverage - Restaurants, Cafes, Breweries, and Bars",Worker Co-op
Planned Lifetime Advocacy Network,Vancouver,British Columbia,Health - Home Care,Democratic Workplace
Playtime Creative,Brooklyn,New York,Media - Digital Production,Worker Co-op
Ploughshares Fund,San Francisco,California,Business Support Services - General,Democratic Workplace
PODER,San Francisco,California,Business Support Services - General,Democratic Workplace
Porchlight Products,Portland,Oregon,Engineering & Manufacturing,Worker Co-op
Positive Energy Solar,Santa Fe,New Mexico,Build & Design - Solar Installation,Worker Co-op
Praxis Legal Solutions,Oakland,California,Legal Services,Worker Co-op
Pressing On Collective,Portland,Oregon,Media - Copy & Printing,Worker Co-op
Prospera,Oakland,California,Business Support Services - Consulting,Worker Co-op
Purple Rose Theatre Company,Chelsea,Michigan,Arts & Entertainment,Democratic Workplace
Quince & Apple,Madison,Wisconsin,Food & Beverage - Production & Manufacturing,Worker Co-op
Radiate Consulting,Portland,Oregon,Business Support Services - Consulting,Worker Co-op
Radix Media,Brooklyn,New York,Media - Copy & Printing,Worker Co-op
Rainbow Blossom Natural Food Markets,Louisville,Kentucky,Food & Beverage - Grocery,Democratic Workplace
Rainbow Bookstore Cooperative,Madison,Wisconsin,Media - Bookstores & Publishers,Worker Co-op
Rainbow Grocery,San Francisco,California,Food & Beverage - Grocery,Worker Co-op
RAVEN,New York,New York,Technology - Graphic Design & Web Development,Worker Co-op
Real Pickles,Greenfield,Massachusetts,Food & Beverage - Production & Manufacturing,Worker Co-op
Realty Collective,Brooklyn,New York,Real Estate,Worker Co-op
Red and Black Cafe,Portland,Oregon,"Food & Beverage - Restaurants, Cafes, Breweries, and Bars",Worker Co-op
Red Emma's Bookstore Coffeehouse,Baltimore,Maryland,Media - Bookstores & Publishers,Worker Co-op
Red Sun Press,Jamaica Plain,Massachusetts,Media - Copy & Printing,Worker Co-op
Repair World,Portland,Oregon,Technology - Support Services,Worker Co-op
RestorePDX,Portland,Oregon,Build & Design - Construction,Worker Co-op
Rhizome Collective,Austin,Texas,Education & Childcare,Democratic Workplace
Righteous Rides Pedicab,Providence,Rhode Island,Transportation - Service & Repair,Worker Co-op
Rise & Root Farm,Chester,New York,Food & Beverage - Agriculture,Worker Co-op
River Valley Market,Northampton,Massachusetts,Food & Beverage - Grocery,Democratic Workplace
Rodale Institute,Kutztown,Pennsylvania,Food & Beverage - Agriculture,Democratic Workplace
Round Sky Solutions,Oakland,California,Business Support Services - Consulting,Worker Co-op
Ruby's Bakery,Brooklyn,New York,Food & Beverage - Bakeries,Worker Co-op
Sacramento Natural Foods Co-op,Sacramento,California,Food & Beverage - Grocery,Democratic Workplace
Sage Environmental Consulting,Portland,Oregon,Business Support Services - Consulting,Worker Co-op
Salt City Market,Syracuse,New York,Food & Beverage - Grocery,Democratic Workplace
Sanctuary Printshop,Portland,Oregon,Media - Copy & Printing,Worker Co-op
Sasona Co-op,Austin,Texas,Real Estate,Democratic Workplace
School for Designing a Society,Urbana,Illinois,Education & Childcare,Democratic Workplace
Seeds of Change,Rancho Dominguez,California,Food & Beverage - Agriculture,Worker Co-op
Shared Capital Cooperative,Minneapolis,Minnesota,Business Support Services - General,Democratic Workplace
Si Se Puede! Women's Cooperative,Sunset Park,New York,Cleaning Services,Worker Co-op
Silicon Prairie Online,Lincoln,Nebraska,Technology - Graphic Design & Web Development,Worker Co-op
Silver City Food Co-op,Silver City,New Mexico,Food & Beverage - Grocery,Democratic Workplace
Smart Marketing Communications,Sacramento,California,Business Support Services - Marketing,Worker Co-op
Sociocracy For All,Amherst,Massachusetts,Business Support Services - Consulting,Democratic Workplace
Sol Communications,Portland,Oregon,Business Support Services - Consulting,Worker Co-op
Solidarity Research Center,Oakland,California,Business Support Services - Consulting,Democratic Workplace
South Mountain Company,West Tisbury,Massachusetts,Build & Design - Architecture & Interior Design,Worker Co-op
Sowers Cooperative,Washington,District of Columbia,Cleaning Services,Worker Co-op
Spoke n' Word Cycles,San Francisco,California,Transportation - Service & Repair,Worker Co-op
Square One Network,Philadelphia,Pennsylvania,Business Support Services - General,Worker Co-op
Stafford's in the Field,Chesterfield,New Hampshire,"Food & Beverage - Restaurants, Cafes, Breweries, and Bars",Worker Co-op
Stone Soup Collective,Greenfield,Massachusetts,Business Support Services - General,Democratic Workplace
Stumptown Printers,Portland,Oregon,Media - Copy & Printing,Worker Co-op
Substrata,Oakland,California,Technology - Support Services,Worker Co-op
Sugar Plum Food Cooperative,Eau Claire,Wisconsin,Food & Beverage - Grocery,Democratic Workplace
Sugarcane Cooperative,Pahokee,Florida,Food & Beverage - Agriculture,Worker Co-op
Sunrise Movement,Washington,District of Columbia,Business Support Services - General,Democratic Workplace
Sustainable Economies Law Center,Oakland,California,Legal Services,Democratic Workplace
Tacoma Food Co-op,Tacoma,Washington,Food & Beverage - Grocery,Democratic Workplace
TechCollective,San Francisco,California,Technology - Support Services,Worker Co-op
Tenth Acre Farms,Columbus,Ohio,Food & Beverage - Agriculture,Worker Co-op
The Artel,Northampton,Massachusetts,Media - Digital Production,Worker Co-op
The Big Carrot,Toronto,Ontario,Food & Beverage - Grocery,Worker Co-op
The Brinery,Ann Arbor,Michigan,Food & Beverage - Production & Manufacturing,Worker Co-op
The Center for Family Life,Brooklyn,New York,Business Support Services - General,Democratic Workplace
The Cleveland Worker Owner Network,Cleveland,Ohio,Business Support Services - General,Worker Co-op
The Drivers Cooperative,New York,New York,Transportation - Service & Repair,Worker Co-op
The GreenHouse Collective,Milwaukee,Wisconsin,Build & Design - Construction,Worker Co-op
The ICA Group,Brookline,Massachusetts,Business Support Services - Consulting,Democratic Workplace
The Industrial Commons,Morganton,North Carolina,Engineering & Manufacturing,Worker Co-op
The Next System Project,Washington,District of Columbia,Business Support Services - General,Democratic Workplace
The Sustainable Economies Law Center,Oakland,California,Legal Services,Worker Co-op
The Toolbox for Education and Social Action,Amherst,Massachusetts,Education & Childcare,Democratic Workplace
The Valley Alliance of Worker Cooperatives,Greenfield,Massachusetts,Business Support Services - General,Worker Co-op
The Workers Lab,Oakland,California,Business Support Services - General,Worker Co-op
Third Root Community Health Center,Brooklyn,New York,Health - Wellness,Worker Co-op
Thousand Currents,Oakland,California,Business Support Services - General,Democratic Workplace
Treasure City Thrift,Minneapolis,Minnesota,Retail,Worker Co-op
Tucson Garbage Company,Tucson,Arizona,Waste - Recycling,Worker Co-op
Two Twelve Associates,New York,New York,Technology - Graphic Design & Web Development,Worker Co-op
Union Cab of Madison,Madison,Wisconsin,Transportation - Service & Repair,Worker Co-op
Union Cab of Somerville,Somerville,Massachusetts,Transportation - Service & Repair,Worker Co-op
Union Square Farmer's Market,New York,New York,Food & Beverage - Grocery,Democratic Workplace
Unite Here Health,New York,New York,Health - Clinics,Democratic Workplace
United for a Fair Economy,Boston,Massachusetts,Business Support Services - General,Democratic Workplace
Up & Go,New York,New York,Technology - Support Services,Worker Co-op
Urban Greens Food Co-op,Providence,Rhode Island,Food & Beverage - Grocery,Democratic Workplace
US Federation of Worker Cooperatives,Philadelphia,Pennsylvania,Business Support Services - General,Democratic Workplace
Vegan Treats,Bethlehem,Pennsylvania,Food & Beverage - Bakeries,Worker Co-op
Vida Verde,San Francisco,California,Cleaning Services,Worker Co-op
Village Food Cooperative,Austin,Texas,Food & Beverage - Grocery,Democratic Workplace
Virginia Home for Boys and Girls,Richmond,Virginia,Education & Childcare,Democratic Workplace
Walden Asset Management,Boston,Massachusetts,Business Support Services - General,Democratic Workplace
We Own It,Portland,Oregon,Business Support Services - General,Democratic Workplace
Weaver Street Market,Carrboro,North Carolina,Food & Beverage - Grocery,Democratic Workplace
Web Development Cooperative,Portland,Oregon,Technology - Graphic Design & Web Development,Worker Co-op
Wellspring Upholstery,Asheville,North Carolina,Engineering & Manufacturing,Worker Co-op
Wholesome Wave,Bridgeport,Connecticut,Food & Beverage - Agriculture,Democratic Workplace
Willy Street Co-op,Madison,Wisconsin,Food & Beverage - Grocery,Democratic Workplace
Women's Action to Gain Economic Security,San Francisco,California,Business Support Services - General,Democratic Workplace
Women's Bean Project,Denver,Colorado,Food & Beverage - Production & Manufacturing,Democratic Workplace
Women's Earth Alliance,Berkeley,California,Business Support Services - General,Democratic Workplace
Worker Owned and Run,Brooklyn,New York,Business Support Services - General,Worker Co-op
Working World,New York,New York,Business Support Services - General,Democratic Workplace
WORT 89.9FM Community Radio,Madison,Wisconsin,Media - Digital Production,Democratic Workplace
Zazzy's Pizza,New York,New York,"Food & Beverage - Restaurants, Cafes, Breweries, and Bars",Worker Co-op
Zingerman's Community of Businesses,Ann Arbor,Michigan,"Food & Beverage - Restaurants, Cafes, Breweries, and Bars",Democratic Workplace
Zurich Artisan Cheese,Zurich,Montana,Food & Beverage - Production & Manufacturing,Worker Co-op
AK Press,Chico,California,Media - Bookstores & Publishers,Worker Co-op
Breitenbush Hot Springs,Detroit,Oregon,Tourism & Hospitality,Worker Co-op
Cheese Board Collective,Berkeley,California,Food & Beverage - Bakeries,Worker Co-op
Citybikes Workers' Cooperative,Portland,Oregon,Retail,Worker Co-op
Defector Media,New York,New York,Media - Digital Production,Worker Co-op
Dollars and Sense,Boston,Massachusetts,Media - Bookstores & Publishers,Worker Co-op
East Harlem Cleaning LLC,New York,New York,Cleaning Services,Worker Co-op
Green Worker Cooperatives,Bronx,New York,Waste - Recycling,Worker Co-op
Hard Times Café,Minneapolis,Minnesota,"Food & Beverage - Restaurants, Cafes, Breweries, and Bars",Worker Co-op
Little Grill Collective,Harrisonburg,Virginia,"Food & Beverage - Restaurants, Cafes, Breweries, and Bars",Worker Co-op
Lucy Parsons Center,Boston,Massachusetts,Media - Bookstores & Publishers,Worker Co-op
Maximum Fun,Los Angeles,California,Media - Digital Production,Worker Co-op
Means TV,Detroit,Michigan,Media - Digital Production,Worker Co-op
New Prairie Construction,Urbana,Illinois,Build & Design - Construction,Worker Co-op
"Select Machine, Inc.",Kent,Ohio,Engineering & Manufacturing,Worker Co-op
Seward Community Cafe,Minneapolis,Minnesota,"Food & Beverage - Restaurants, Cafes, Breweries, and Bars",Worker Co-op
Sustainergy,Cincinnati,Ohio,Energy,Worker Co-op
TESA Collective,Amherst,Massachusetts,Education & Childcare,Worker Co-op
Ace Copper Specialists,Minneapolis,Minnesota,Build & Design - Construction,Worker Co-op
Adams & Chittenden Scientific Glass,Berkeley,California,Engineering & Manufacturing,Worker Co-op
Adelante Worker Cooperative,Austin,Texas,Cleaning Services,Worker Co-op
Allied Media Projects,Detroit,Michigan,Media - Digital Production,Democratic Workplace
Alternatives Federal Credit Union,Ithaca,New York,Business Support Services - General,Democratic Workplace
Amigos del Sol Cooperative,Albuquerque,New Mexico,Build & Design - Solar Installation,Worker Co-op
Arizmendi Bakery San Rafael,San Rafael,California,Food & Beverage - Bakeries,Worker Co-op
Autonomous Design,Brooklyn,New York,Build & Design - Architecture & Interior Design,Worker Co-op
Baltimore Free Store,Baltimore,Maryland,Retail,Democratic Workplace
Brancato's Brick Oven Pizza,Kansas City,Missouri,"Food & Beverage - Restaurants, Cafes, Breweries, and Bars",Worker Co-op
Brennan Center for Justice,New York,New York,Legal Services,Democratic Workplace
Bridge City Electric,Portland,Oregon,Build & Design - Construction,Worker Co-op
Brooklyn Coop,Brooklyn,New York,Food & Beverage - Grocery,Democratic Workplace
Burley Design Cooperative,Eugene,Oregon,Engineering & Manufacturing,Worker Co-op
Center for Workplace Democracy,San Francisco,California,Business Support Services - Consulting,Democratic Workplace
Clean Green Maine,Portland,Maine,Cleaning Services,Worker Co-op
Co-op Cincy,Cincinnati,Ohio,Business Support Services - General,Worker Co-op
Co-op Dayton,Dayton,Ohio,Business Support Services - General,Worker Co-op
Co-op Power,Greenfield,Massachusetts,Energy,Worker Co-op
Community Wealth Partners,Washington,District of Columbia,Business Support Services - Consulting,Democratic Workplace
Cooperative Fund of New England,Wilmington,North Carolina,Business Support Services - General,Democratic Workplace
Cooperative Homecare Associates of Pennsylvania,Philadelphia,Pennsylvania,Health - Home Care,Worker Co-op
Cooperative Principle LLC,Asheville,North Carolina,Business Support Services - Consulting,Worker Co-op
Counter Culture Labs,Oakland,California,Engineering & Manufacturing,Democratic Workplace
Cultivate Coop,Minneapolis,Minnesota,Business Support Services - Consulting,Worker Co-op
Deep Dish TV,New York,New York,Media - Digital Production,Democratic Workplace
Design Jump,Minneapolis,Minnesota,Technology - Graphic Design & Web Development,Worker Co-op
Detroit Community Wealth Fund,Detroit,Michigan,Business Support Services - General,Democratic Workplace
Ecology Center,Berkeley,California,Waste - Recycling,Democratic Workplace
El Pajaro CDC,Watsonville,California,Business Support Services - General,Democratic Workplace
Emma's Eco-Clean,San Francisco,California,Cleaning Services,Worker Co-op
Enchanted Gardens Landscaping Coop,Austin,Texas,Build & Design - Landscaping,Worker Co-op
Firebrand Artisan Breads,Oakland,California,Food & Beverage - Bakeries,Worker Co-op
Food4All,Brattleboro,Vermont,Food & Beverage - Grocery,Worker Co-op
Fourth Economy,Pittsburgh,Pennsylvania,Business Support Services - Consulting,Democratic Workplace
Fractured Atlas,New York,New York,Arts & Entertainment,Democratic Workplace
Full Cycle Bike Shop,Minneapolis,Minnesota,Transportation - Service & Repair,Worker Co-op
Full Spectrum Doula Coop,Brooklyn,New York,Health - Clinics,Worker Co-op
Gem City Shine,Dayton,Ohio,Cleaning Services,Worker Co-op
Ginger Moon,Portland,Oregon,"Food & Beverage - Restaurants, Cafes, Breweries, and Bars",Worker Co-op
Good Bike Co-op,Atlanta,Georgia,Transportation - Service & Repair,Worker Co-op
Good Work Institute,West Tisbury,Massachusetts,Education & Childcare,Democratic Workplace
Grassroots Economic Organizing,Greenfield,Massachusetts,Media - Digital Production,Democratic Workplace
Green Cab Madison,Madison,Wisconsin,Transportation - Service & Repair,Worker Co-op
Greenbelt Movement,San Francisco,California,Build & Design - Landscaping,Democratic Workplace
Greenstar Food Coop,Ithaca,New York,Food & Beverage - Grocery,Democratic Workplace
HEAL Food Alliance,Oakland,California,Food & Beverage - Agriculture,Democratic Workplace
Home Green Home Cleaning,San Francisco,California,Cleaning Services,Worker Co-op
Honest Weight Food Coop,Albany,New York,Food & Beverage - Grocery,Democratic Workplace
Hub Bicycle,Cambridge,Massachusetts,Transportation - Service & Repair,Worker Co-op
Immigrant Workers' Art Collective,Brooklyn,New York,Arts & Entertainment,Worker Co-op
Jackson Energy Coop,Jackson,Mississippi,Energy,Worker Co-op
Kensington Corridor Trust,Philadelphia,Pennsylvania,Real Estate,Democratic Workplace
La Maquila Worker Center,Chicago,Illinois,Business Support Services - General,Worker Co-op
Mandela Grocery Cooperative,Oakland,California,Food & Beverage - Grocery,Worker Co-op
Moxie Jean,Chicago,Illinois,Retail,Worker Co-op
Natural Bridges Coop,Santa Cruz,California,Food & Beverage - Grocery,Worker Co-op
NorthStar Cooperative,Minneapolis,Minnesota,Business Support Services - General,Worker Co-op
Obran Cooperative,Los Angeles,California,Business Support Services - General,Worker Co-op
Pittsburgh Center for Creative Reuse,Pittsburgh,Pennsylvania,Retail,Democratic Workplace
